accordion-checkbox	div	content
accordion-link	a	links
accordion-list	ol	lists
accordion-list-item	li	lists
accordion-nav	nav	navigation
action-bar	div	navigation
action-bar-button	button	navigation
action-group	div	forms
action-link	a	links
address-input	input	forms
addressograph-box	div	content
affix	div	content
ai-label	span	content
alba-community-health-index-input	input	national
alba-community-health-index-view	span	national
alert	div	content
alert-dialog	dialog	overlays
angle-slider-range-input	input	forms
announcement-banner	div	overlays
answer	div	content
area-chart	figure	data-viz
article-layout	article	navigation
aspect-ratio-container	div	content
australia-individual-healthcare-identifier-input	input	national
australia-individual-healthcare-identifier-view	span	national
autosuggest	div	content
avatar	div	content
avatar-group	div	forms
avatar-image	img	media
avatar-text	span	content
back-link	a	links
badge	span	content
banner	div	overlays
banner-box	div	content
bar-chart	figure	data-viz
barcode-image	img	media
beach-ball	div	content
belgique-numero-de-registre-national-input	input	national
belgique-numero-de-registre-national-view	span	national
blockquote	blockquote	content
body-text	div	content
breadcrumb-link	a	links
breadcrumb-list	ol	lists
breadcrumb-list-item	li	lists
breadcrumb-nav	nav	navigation
bulgaria-edinen-grazhdanski-nomer-input	input	national
bulgaria-edinen-grazhdanski-nomer-view	span	national
button	button	buttons
button-group	div	forms
button-input	input	forms
byline	div	content
calendar-range-picker	div	pickers
calendar-table	table	tables
calendar-table-body	tbody	tables
calendar-table-foot	tfoot	tables
calendar-table-head	thead	tables
calendar-table-row	tr	tables
calendar-table-td	td	tables
calendar-table-th	th	tables
call-to-action	div	content
caption	caption	tables
card	div	content
care-card	div	content
carousel	div	content
cascader	div	content
cesko-cestovni-pas-input	input	national
cesko-cestovni-pas-view	span	national
cesko-rodne-cislo-input	input	national
cesko-rodne-cislo-view	span	national
character	span	content
character-counter	span	content
chat-list	ol	lists
chat-list-item	li	lists
chat-message	article	navigation
chat-nav	nav	navigation
check-list	ol	lists
check-list-item	li	lists
checkbox-group	div	forms
checkbox-input	input	forms
citation	cite	content
clamp-text	div	content
clipboard-copy-button	button	buttons
coachmark	div	overlays
code	code	content
code-block	pre	content
collapsible	div	content
collection-list	ul	lists
collection-list-item	li	lists
color-input	input	forms
color-picker	div	pickers
color-picker-button	button	pickers
column-chart	figure	data-viz
combobox	div	content
command	div	content
comment	div	content
container	div	content
container-with-fixed-width	div	content
container-with-fluid-width	div	content
content-block	div	content
contents-link	a	links
contents-list	ol	lists
contents-list-item	li	lists
contents-nav	nav	navigation
context-menu	div	navigation
context-menu-item	div	navigation
contextual-help	div	overlays
currency-input	input	forms
cymru-rhif-y-gwasanaeth-iechyd-gwladol-input	input	national
cymru-rhif-y-gwasanaeth-iechyd-gwladol-view	span	national
cyprus-national-passport-number-input	input	national
cyprus-national-passport-number-view	span	national
danmark-personnummer-input	input	national
danmark-personnummer-view	span	national
data-filter-form	form	forms
data-table	table	tables
data-table-body	tbody	tables
data-table-foot	tfoot	tables
data-table-head	thead	tables
data-table-row	tr	tables
data-table-td	td	tables
data-table-th	th	tables
date-field	div	content
date-input	input	forms
date-range	span	content
date-time-local-input	input	forms
date-time-now-input	div	content
date-time-view	time	content
description-list	dl	lists
description-list-item	div	content
details	details	navigation
deutschland-krankenversichertennummer-input	input	national
deutschland-krankenversichertennummer-view	span	national
dial	div	content
dial-group	div	forms
dialog	dialog	overlays
diff	div	content
digital-object-identifier-link	a	links
do-list	ol	lists
do-list-item	li	lists
document-list	ol	lists
document-list-item	li	lists
dont-list	ol	lists
dont-list-item	li	lists
download-button	a	links
draft	div	content
drawer	div	content
dropdown-menu	div	navigation
editable	div	content
editable-form	form	forms
eesti-isikukood-input	input	national
eesti-isikukood-view	span	national
ellada-dematerialised-securities-system-input	input	national
ellada-dematerialised-securities-system-view	span	national
email-input	input	forms
email-link	a	links
emoji	span	content
emoji-character-picker	div	pickers
end-notes	section	navigation
england-national-health-service-number-input	input	national
england-national-health-service-number-view	span	national
error-message	span	content
error-summary	div	content
espana-codigo-de-identificacion-fiscal-input	input	national
espana-codigo-de-identificacion-fiscal-view	span	national
espana-tarjeta-sanitaria-individual-input	input	national
espana-tarjeta-sanitaria-individual-view	span	national
event	article	navigation
expander	div	content
feature-card	article	navigation
feature-photo	figure	media
field	div	content
fieldset	fieldset	forms
figure	figure	media
file-dialog	dialog	overlays
file-input	input	forms
file-manager	div	content
file-upload	div	content
five-face-rating-picker	div	pickers
five-face-rating-picker-button	button	pickers
five-face-rating-view	div	content
five-star-rating-picker	div	pickers
five-star-rating-picker-button	button	pickers
five-star-rating-view	div	content
flair	span	content
flex-stack	div	content
float-button	button	buttons
floating-panel	div	content
footer	footer	navigation
footnote	span	content
form	form	forms
framer	div	content
france-numero-d-identification-au-repertoire-input	input	national
france-numero-d-identification-au-repertoire-view	span	national
gantt-table	table	tables
gantt-table-tbody	tbody	tables
gantt-table-td	td	tables
gantt-table-tfoot	tfoot	tables
gantt-table-th	th	tables
gantt-table-thead	thead	tables
gantt-table-tr	tr	tables
go-to-next-section	a	links
go-to-previous-section	a	links
go-to-top	a	links
government-banner	aside	overlays
government-identifier	section	navigation
grail-layout	div	content
grail-layout-bottom-footer	footer	navigation
grail-layout-center-main	main	navigation
grail-layout-left-aside	aside	navigation
grail-layout-right-aside	aside	navigation
grail-layout-top-header	header	navigation
graphic-block	figure	media
grid	div	content
hamburger-menu	button	navigation
header	header	navigation
headline	div	content
hero	section	navigation
hero-headline	div	content
hidden-input	input	forms
hint	span	content
horizontal-scroller	div	content
hover-card	div	content
hrvatska-osobni-identifikacijski-broj-input	input	national
hrvatska-osobni-identifikacijski-broj-view	span	national
icon	span	content
icon-button	button	buttons
icon-list	ul	lists
icon-list-item	li	lists
image	img	media
image-cropper	div	content
image-file-input	input	forms
image-input	input	forms
info-state	section	navigation
information-callout	div	content
input	input	forms
input-group	div	forms
input-with-mask	div	content
inset-text	div	content
ireland-individual-health-identifier-input	input	national
ireland-individual-health-identifier-view	span	national
island-kennitala-input	input	national
island-kennitala-view	span	national
italia-codice-fiscale-input	input	national
italia-codice-fiscale-view	span	national
kanban-table	table	tables
kanban-table-body	tbody	tables
kanban-table-foot	tfoot	tables
kanban-table-head	thead	tables
kanban-table-row	tr	tables
kanban-table-td	td	tables
kanban-table-th	th	tables
kbd	kbd	content
label	label	forms
latvija-personas-kods-input	input	national
latvija-personas-kods-view	span	national
liechtenstein-national-identity-card-number-input	input	national
liechtenstein-national-identity-card-number-view	span	national
liechtenstein-passport-number-input	input	national
liechtenstein-passport-number-view	span	national
lietuva-asmens-kodas-input	input	national
lietuva-asmens-kodas-view	span	national
lietuva-pasas-input	input	national
lietuva-pasas-view	span	national
line-chart	figure	data-viz
listbox	div	content
loading	div	content
malta-national-identification-number-input	input	national
malta-national-identification-number-view	span	national
malta-passport-number-input	input	national
malta-passport-number-view	span	national
masonry	div	content
measurement-instance-input	input	forms
measurement-instance-view	div	content
measurement-system-input	input	forms
measurement-system-view	div	content
measurement-unit-input	input	forms
measurement-unit-view	div	content
medical-banner	div	overlays
medical-banner-box	div	content
medical-banner-box-for-advice	div	content
medical-banner-box-for-danger	div	content
mentions-input	div	content
menu	div	navigation
menu-bar	div	navigation
menu-bar-button	button	navigation
menu-group	div	forms
menu-item	div	navigation
meter	meter	data-viz
mockup-browser	div	content
mockup-laptop	div	content
mockup-phone-landscape	div	content
mockup-phone-portrait	div	content
mockup-shell	div	content
mockup-tablet-landscape	div	content
mockup-tablet-portrait	div	content
mockup-watch	div	content
mockup-window	div	content
month-input	input	forms
mutually-exclusive	div	content
navigation-menu	nav	navigation
nederland-burgerservice-nummer-input	input	national
nederland-burgerservice-nummer-view	span	national
nederland-identiteitskaart-nummer-input	input	national
nederland-identiteitskaart-nummer-view	span	national
nederland-paspoort-nummer-input	input	national
nederland-paspoort-nummer-view	span	national
net-promoter-score-picker	div	pickers
net-promoter-score-picker-button	button	pickers
net-promoter-score-view	div	content
newsletter-signup	form	forms
norge-fodselsnummer-input	input	national
norge-fodselsnummer-view	span	national
northern-ireland-health-and-care-number-input	input	national
northern-ireland-health-and-care-number-view	span	national
notification	div	content
number-input	input	forms
option	option	forms
organization	article	navigation
overlay-container	div	content
padding-reset	div	content
pagination-link	a	links
pagination-list	ol	lists
pagination-list-item	li	lists
pagination-nav	nav	navigation
panel	div	content
password-input	input	forms
password-input-or-text-input-div	div	content
person	article	navigation
phase-banner	div	overlays
photo-pack	div	content
pictogram	figure	media
pin-input-div	div	content
place	article	navigation
polska-numer-identyfikacji-podatkowej-input	input	national
polska-numer-identyfikacji-podatkowej-view	span	national
polska-pesel-input	input	national
polska-pesel-view	span	national
popconfirm-dialog	div	content
popover	div	content
popup	div	content
portugal-numero-de-identificacao-fiscal-input	input	national
portugal-numero-de-identificacao-fiscal-view	span	national
portugal-passaporte-input	input	national
portugal-passaporte-view	span	national
postal-code-input	input	forms
postal-code-view	div	content
product-card	article	navigation
progress	progress	data-viz
progress-bar	div	navigation
progress-circle	div	content
progress-spinner	div	content
qr-code-image	div	content
question	div	content
radio-group	div	forms
radio-input	input	forms
range-input	input	forms
red-amber-green-picker	div	pickers
red-amber-green-picker-button	button	pickers
red-amber-green-view	div	content
red-orange-yellow-green-blue-picker	div	pickers
red-orange-yellow-green-blue-picker-button	button	pickers
red-orange-yellow-green-blue-view	div	content
related-content	aside	navigation
reset-input	input	forms
resizable	div	content
review-date	span	content
romania-cod-numeric-personal-input	input	national
romania-cod-numeric-personal-view	span	national
romania-pasaport-input	input	national
romania-pasaport-view	span	national
scatter-chart	figure	data-viz
screen-reader-span	span	content
scroll-area	div	content
scroll-bar	div	navigation
scroller	div	content
scroller-base	div	content
scroller-video	div	content
search-input	input	forms
section-heading	header	navigation
section-link	a	links
section-list	ol	lists
section-list-item	li	lists
section-nav	nav	navigation
segment-group	div	forms
segment-group-item	div	forms
select	select	forms
select-with-extras	div	content
separator	hr	navigation
share-page	div	content
sheet	div	content
sidebar	aside	navigation
signature-pad	canvas	media
skeleton	div	content
skip-link	a	links
slide-out-drawer	div	content
slider	div	content
slider-button	button	buttons
slovenija-emso-input	input	national
slovenija-emso-view	span	national
slovensko-pas-input	input	national
slovensko-pas-view	span	national
slovensko-rodne-cislo-input	input	national
slovensko-rodne-cislo-view	span	national
sonner	div	content
sparkline	span	content
split-button	div	forms
split-view	div	navigation
splitter	div	content
statistic	div	content
status-light	span	content
status-tag	span	content
step-list	ol	lists
step-list-item	li	lists
sticky-promo-banner	aside	overlays
submit-input	input	forms
success-panel	div	content
summary-box	aside	navigation
summary-list	ol	lists
summary-list-item	li	lists
suomi-henkilotunnus-input	input	national
suomi-henkilotunnus-view	span	national
super-banner	div	overlays
sverige-personnummer-input	input	national
sverige-personnummer-view	span	national
switch-button	button	buttons
tab-bar	div	navigation
tab-bar-button	button	navigation
tab-panel	div	overlays
table	table	tables
table-body	tbody	tables
table-foot	tfoot	tables
table-head	thead	tables
table-row	tr	tables
table-td	td	tables
table-th	th	tables
tag	span	content
tag-group	div	forms
tag-input	div	content
task-bar	div	navigation
task-bar-button	button	navigation
task-list	ol	lists
task-list-item	li	lists
tel-input	input	forms
tel-link	a	links
text-area-input	textarea	forms
text-area-input-with-character-counter	div	content
text-input	input	forms
text-input-with-search	div	content
theme-provider	div	content
theme-select	select	forms
theme-select-option	option	forms
theme-view	div	content
tile	div	content
tile-map	div	content
time-input	input	forms
time-picker-input	div	content
timeline-list	ol	lists
timeline-list-item	li	lists
timeout-dialog	dialog	overlays
timer	span	content
timer-button	button	buttons
toast	div	content
toggle-button	button	buttons
toggle-group	div	forms
tool-bar	div	navigation
tool-bar-button	button	navigation
tooltip	div	content
tour	div	content
tour-list	ol	lists
tour-list-item	li	lists
transfer-list	div	content
tree-link	a	links
tree-list	ol	lists
tree-list-item	li	lists
tree-menu	div	navigation
tree-nav	nav	navigation
tree-select	div	content
united-kingdom-national-health-service-number-input	input	national
united-kingdom-national-health-service-number-view	div	national
united-kingdom-national-insurance-number-input	input	national
united-kingdom-national-insurance-number-view	span	national
united-states-social-security-number-input	input	national
united-states-social-security-number-view	div	national
url-input	input	forms
validation-list	ul	lists
validation-list-item	li	lists
video-player	div	content
visible	div	content
warning-callout	div	content
watermark	div	content
week-input	input	forms
